{"cameraMode":{"drawMode":0,"name":"Shaded","section":"Shading Mode"},"sceneLighting":true,"audioPlay":false,"sceneViewState":{"m_AlwaysRefresh":false,"showFog":true,"showSkybox":true,"showFlares":true,"showImageEffects":true,"showParticleSystems":true,"showVisualEffectGraphs":true,"m_FxEnabled":true},"in2DMode":false,"pivot":{"x":1.4656847715377808,"y":-0.6406810879707336,"z":21.205501556396486},"rotation":{"x":0.03030403144657612,"y":0.008991354145109654,"z":-0.00027513541863299906,"w":0.9995179772377014},"size":8.631077766418457,"orthographic":false}