{"cameraMode":{"drawMode":0,"name":"Shaded","section":"Shading Mode"},"sceneLighting":false,"audioPlay":false,"sceneViewState":{"m_AlwaysRefresh":false,"showFog":true,"showSkybox":true,"showFlares":true,"showImageEffects":true,"showParticleSystems":true,"showVisualEffectGraphs":true,"m_FxEnabled":true},"in2DMode":false,"pivot":{"x":0.5984553694725037,"y":1.0308762788772584,"z":-4.634397506713867},"rotation":{"x":0.010257265530526638,"y":0.9713506698608398,"z":-0.042578235268592837,"w":0.23371081054210664},"size":1.7711552381515504,"orthographic":false}